Topic,Words,Frequency,Timestamp
-1,"ecommerce, diagram, application ecommerce, dfd, flow diagram",278,2012.988
0,"elearning, guru, ajar ajar, guru siswa, materi ajar",145,2012.988
1,"application main, application game, game, musuh, game edukasi",82,2012.988
2,"kedelai, tani, sumatera, lahan, hama sakit",15,2012.988
3,"objek wisata, turis, tourism, wisata, guide",19,2012.988
4,"css, desain website, ubuntu, lift ratio, lift",6,2012.988
5,"tweet, pesan singkat, stemming, morfologi, kategori kategori",2,2012.988
6,"creation, pasok, prima, supplier, bogor",16,2012.988
7,"ruas jalan, rencana bangun, ruas, duduk desa, bappeda",12,2012.988
8,"kerja karyawan, calon pegawai, dss, sub, karyawan",20,2012.988
9,"film, download, gadget, tayang, smartphone",15,2012.988
10,"olahraga, fitness, panel, bugar, departemen",6,2012.988
11,"ehealth, dinas sehat, puskesmas, klinik, sehat",14,2012.988
12,"macet, bentuk peta, information sumber, mining algoritma, peta",1,2012.988
13,"kuliner, produktifitas, rangkai, praktikum, projek",2,2012.988
14,"lihat, forward chaining, chaining, balita, forward",5,2012.988
15,"kacamata, augmented reality, augmented, realitas, reality",5,2012.988
16,"wayang kulit, viola, jones, training training, sel",5,2012.988
17,"iklan, daily, lelang, ecommerce, katalog",13,2012.988
18,"string, eja, text, feature selection, struktur kalimat",2,2012.988
19,"ruang warna, marker, deteksi marker, segmentasi citra, antuk",5,2012.988
20,"arab, doa, bahasa arab, hafal, islam",15,2012.988
22,"gambar model, ecommerce, application ecommerce, diagram, toko",98,2012.988
24,"missing value, missing, klasifikasi kualitas, value, obyektif",3,2012.988
25,"futsal, information akuntansi, manajerial, akuntansi, lapang",5,2012.988
26,"momentum, profit, variasi latih, saham, backpropagation",3,2012.988
27,"jitter, first first, first, fifo, rem",1,2012.988
28,"firewall, flood, ancam, port, embedded",7,2012.988
30,"tunai, bayar uang, information sarana, siswa tua, barcode",1,2012.988
31,"tebu, algoritma fuzzy, atur asosiasi, fuzzy inference, atur atur",9,2012.988
32,"kbps, ptiik, bit, bandwith, aes",5,2012.988
33,"sunda, aksara, mandarin, bahasa inggris, inggris",5,2012.988
34,"ternak, sakit tular, sakit serang, pakar user, pemrograman mysql",1,2012.988
35,"isolation, hierarchical, algoritma cari, nodes, list",8,2012.988
36,"robot, representasi tahu, meja, sandang, antar",1,2012.988
37,"orm, query, object, query language, object oriented",2,2012.988
39,"customer service, cerita rakyat, beli barang, rakyat, produktifitas",5,2012.988
41,"jadwal ajar, genetic algorithm, genetic, crossover probabilitas, perhati aspek",2,2012.988
42,"encryption, plaintext, cryptography, embedded, algoritma cryptography",9,2012.988
43,"sambung, periksa, back end, kabupaten bandung, momentum",2,2012.988
44,"sejarah, budaya, budaya indonesia, bangsa indonesia, juang",11,2012.988
45,"spectral, laki perempuan, fourier, laki, gender",2,2012.988
46,"rencana laksana, proyek, manajemen proyek, laksana giat, cepat hitung",4,2012.988
47,"bengkel, floydwarshall, daftar butuh, mobilitas, transportasi",2,2012.988
48,"makan sehat, menu makan, butuh gizi, makan konsumsi, makan ringan",2,2012.988
50,"dealer, lift, rule, lift ratio, rule hasil",4,2012.988
51,"information buku, buku, pustaka, subjek, rule hasil",5,2012.988
52,"application kategori, nilai application, bencana, gunung, mknn",4,2012.988
53,"musik, nada, alat musik, teori, kelas klasifikasi",4,2012.988
54,"cloud computing, computing, daya komputasi, cpu, fisik",2,2012.988
55,"pribadi, stres, bidang ahli, tingkat motivasi, teori",3,2012.988
56,"bengkel, surya, cat, motor, mandiri",4,2012.988
59,"prediksi rating, film, rating, mae, akurasi prediksi",1,2012.988
60,"koran, berita, derajat anggota, information berita, media cetak",6,2012.988
61,"buang sampah, sampah, buang, pamer, maker",2,2012.988
64,"blood, behavior, heart, jantung koroner, koroner",2,2012.988
65,"cuaca, preparation, kondisi cuaca, mart, information kondisi",3,2012.988
66,"matahari, interval, energi, interpolasi, sekunder",1,2012.988
67,"kompresi, sms, kirim sms, selular, bit",9,2012.988
68,"darah, pmi, sel darah, sel, merah",3,2012.988
69,"akar, menu, kuliner, kota bandung, restoran",2,2012.988
70,"dokumen cari, cari dokumen, dokumen, dokumen latih, ontologi",3,2012.988
71,"gereja, kristen, umat, xyz, diskusi",2,2012.988
73,"kredit, tagih, nasabah, angsur, finance",5,2012.988
74,"distro, ecommerce, application ecommerce, brand, butik",12,2012.988
75,"ada barang, barang jasa, kelola teknologi, information ada, ada",7,2012.988
76,"mysql server, halaman web, ajax, load balancing, balancing",2,2012.988
78,"fknn, komplikasi, diabetes, jst, fuzzy knearest",2,2012.988
79,"gigi, mulut, jaga sehat, klinik, memberitahukan",3,2012.988
80,"dtn, kirim file, pencil, daerah pencil, raspberry",2,2012.988
81,"kanker, tahan hidup, atur fuzzy, cluster, clustering",3,2012.988
86,"zakat, duduk desa, duduk, information bidang, butuh manusia",4,2012.988
87,"anjing, ras, jenis jenis, erti, ragam",1,2012.988
89,"rumah makan, makan milik, mesan online, makan, rumah",1,2012.988
90,"gps, assisted, titik koordinat, koordinat, tracking",2,2012.988
93,"unikom, parkir, subsistem, gerbang, application identifikasi",2,2012.988
94,"properti, calon beli, cari rumah, rumah, dukung putus",3,2012.988
95,"nikah, promethee, acara, perlu, vendor",1,2012.988
96,"klinik, dinas sehat, kabupaten bandung, apotek, medical",3,2012.988
97,"mudah usaha, nota, konsumen milik, information tangan, produk transaksi",3,2012.988
98,"sisip, citra medis, steganografi, digital signature, sembunyi",5,2012.988
101,"kartu kredit, tunggak, nasabah, forecast, angsur",2,2012.988
102,"matematika, masyarakat luas, ajar matematika, ajak, manfaat maju",1,2012.988
103,"perkasa, sewa mobil, mobil, rental, rental mobil",1,2012.988
104,"kucing, dokter hewan, information sakit, information solusi, bidang dokter",1,2012.988
-1,"batik, poster, roti, outlier, barang inventaris",264,2013.923
0,"guru, materi, guru siswa, materi ajar, elearning",129,2013.923
1,"npc, game, main, formasi, musuh",78,2013.923
2,"tanam, komoditas, putri, tani, pangan",18,2013.923
3,"directory, tourism, pancing, wisata, daki",18,2013.923
4,"html5, mvc, halaman, rektor, user akses",9,2013.923
5,"jejaring, jejaring sosial, kuliner, politik, wisata kuliner",6,2013.923
6,"bahan baku, baku, produksi, distributor, barang produksi",44,2013.923
7,"ruas jalan, ruas, mail, optik, arsip",13,2013.923
8,"buruh, pegawai, kerja pegawai, pangkat, calon karyawan",22,2013.923
9,"tablet, official, handphone, tas, club",15,2013.923
10,"fitness, basket, klub, futsal, bola",11,2013.923
11,"puskesmas, rumah sakit, information pegawai, dinas sehat, dokter",18,2013.923
12,"nyala lampu, borobudur, nyala, plat nomor, lampu",4,2013.923
13,"blender, siakad, linux, matriks, kali",4,2013.923
14,"diare, sakit kulit, kulit, bakteri, application pakar",12,2013.923
15,"virtual reality, denah, reality, pustaka, taman",4,2013.923
16,"wajah, kenal wajah, ekspresi wajah, citra wajah, corner",6,2013.923
17,"situs ecommerce, trust, rata persentase, attitude, ecommerce",5,2013.923
19,"fotografi, sift, hobi, deteksi warna, warna",10,2013.923
20,"tajwid, haji, ayat, android operasi, huruf",10,2013.923
21,"pancing, ikan, lift ratio, lift, disposisi",5,2013.923
22,"contour, distro, application ecommerce, ecommerce, try",11,2013.923
24,"npc, neighbour, pso, knearest neighbour, algoritma knearest",3,2013.923
25,"projek, house, konsultan, spare, bisnis jalan",4,2013.923
26,"ambang, foreign, close, beda tingkat, baik latih",1,2013.923
28,"firewall, jenis serang, injection, scripting, ancam",6,2013.923
29,"laksana teknis, bantu sosial, kelompok tani, sedia alat, kabupaten bandung",6,2013.923
30,"akuntansi, information akuntansi, atm, lapor uang, uang",5,2013.923
31,"fungsi anggota, logika fuzzy, logika, rokok, fuzzy",15,2013.923
32,"tcp, optik, trafik, streaming, qos",12,2013.923
33,"bahasa inggris, inggris, latin, lafal, ajar bahasa",15,2013.923
34,"sapi, bal, warna kulit, ternak, kud",7,2013.923
35,"algoritma cari, string, banding algoritma, novel, deteksi warna",6,2013.923
36,"militer, tembak, robot, senjata, perang",1,2013.923
37,"query, eksekusi, olap, terbang, dynamic",3,2013.923
38,"board, smart home, milik rumah, lampu, nyala mati",4,2013.923
39,"padu, mall, npc, cms, sedia barang",8,2013.923
40,"bakar, hal, jiwa, teks suara, aman nyaman",1,2013.923
41,"buat jadwal, tabu, jadwal, bentrok, algoritma genetika",8,2013.923
42,"password, encryption decryption, cryptography, ukur file, decryption",3,2013.923
43,"lab, awas, kualitas air, kabupaten bandung, milik daerah",1,2013.923
44,"wayang, golek, tokoh, cerita, budaya",11,2013.923
45,"speech recognition, application server, speech, presentasi, application client",1,2013.923
48,"crossover probabilitas, probabilitas mutasi, gizi, probabilitas crossover, probabilitas",3,2013.923
49,"sink, zigbee, node, nirkabel, network nirkabel",2,2013.923
50,"lift ratio, lift, gali, asosiasi, frequent",4,2013.923
51,"seminar, pustaka, barcode, panitia, koleksi",3,2013.923
52,"tsunami, gempa, gempa bumi, bumi, prasyarat",6,2013.923
53,"lagu, musik, nada, nasional, anak remaja",4,2013.923
54,"copy, storage, migrasi, disk, raw",1,2013.923
55,"pribadi, mobile android, professional, tingkah, cs6",1,2013.923
56,"dealer, sepeda, markerless, ramal, mobil",7,2013.923
57,"ayam, kandang, dempstershafer, bibit, sensitivitas",4,2013.923
58,"penuh kriteria, application penuh, balita, tingkat salah, gizi",1,2013.923
59,"film, tayang, anggota kelas, euclidean distance, euclidean",1,2013.923
60,"ubaya, majalah, minimal biaya, buang, minimal",1,2013.923
61,"sampah, bersih lingkung, bersih, truk, tps",5,2013.923
62,"marah, kasar, pitch, emosi, na bayes",3,2013.923
63,"traffic, monitoring network, raspberry, access point, download",1,2013.923
64,"detak jantung, detak, jantung, hitung application, ekg",1,2013.923
65,"curah hujan, hujan, curah, banjir, momentum",2,2013.923
66,"sektor industri, listrik, butuh energi, simulasi network, taraf",2,2013.923
67,"kompresi, sms, sandi, rsa, ponsel",5,2013.923
68,"kadaluarsa, darah, pmi, fuzzy knn, ginjal",3,2013.923
69,"coffee, green, giat operasional, bahasa model, catat pesan",1,2013.923
70,"dokumen latih, cari dokumen, dokumen, dokumen relevan, vector space",5,2013.923
71,"umat, gereja, searching, mudah aman, server bahasa",1,2013.923
72,"voting, mungut, confidentiality, suara, tps",5,2013.923
73,"kredit, finance, mohon, putus beri, layak",5,2013.923
74,"milik toko, information detail, sepatu, fashion, toko",4,2013.923
75,"maturity level, maturity, kelola teknologi, madam, tata kelola",3,2013.923
78,"lihat, sebab ubah, fmeasure akurasi, subyektif, obyektif",1,2013.923
79,"registrasi, butuh deteksi, reference, contrast, abu",1,2013.923
80,"infrastruktur network, direct, bandara, network nirkabel, ospf",5,2013.923
81,"kanker, sel, ekstrak, dna, tingkat resiko",7,2013.923
82,"lisan, eja, lazim, beberapa, pengunaan",1,2013.923
85,"pasuk, unjung, ruang, hak akses, hak",1,2013.923
86,"sejahtera, asuransi, jamin, table, buruh",1,2013.923
87,"anjing, identifikasi jenis, detil, application identifikasi, pakar identifikasi",1,2013.923
88,"pilih rute, rute, evolution strategies, evolution, strategies",3,2013.923
89,"rumah makan, ektp, echo, nota, restoran",6,2013.923
90,"atm, kompas, gps, cari lokasi, satelit",3,2013.923
93,"parkir, kosong, responden tuju, input output, brawijaya",2,2013.923
94,"property, indah, selera, rumah tinggal, butuh rumah",2,2013.923
95,"nikah, organizer, wedding, acara, siap",5,2013.923
96,"sedia obat, obat, farmasi, uptd, pantau sedia",6,2013.923
97,"stok barang, stok, barang habis, produksi jual, transaksi jual",2,2013.923
98,"steganografi, sisip, pixel, cryptography, sembunyi",2,2013.923
99,"terapi, cognitive, behaviour, disorder, akurasi pakar",3,2013.923
100,"afer, kurs, fuzzy time, time series, series",1,2013.923
101,"simpan pinjam, pinjam, koperasi, serba, kantor",1,2013.923
102,"ajar matematika, matematika, bangun ruang, siswa mudah, paham ajar",6,2013.923
104,"kucing, coba application, application pakar, deteksi sakit, nilai milik",1,2013.923
105,"fit, enterprise, gap, architecture, partial",5,2013.923
-1,"bank mandiri, dayak, laboratorium, museum, praktikum",233,2014.846
0,"fisika, elektronika, beasiswa, smk, serta didik",114,2014.846
1,"main, tahan hidup, tingkat sulit, player, game",33,2014.846
2,"satwa, cabai, tanam, langka, jenis tanam",31,2014.846
3,"tourism, directory, belitung, libur, salesman problem",8,2014.846
4,"persona, inap, antarmuka, antarmuka web, service web",12,2014.846
5,"sinergi, tweet, giat promosi, twitter, televisi",4,2014.846
6,"bahan baku, baku, produksi, bahan, sedia bahan",18,2014.846
7,"distro, kominfo, bangun desa, desa, kota cimahi",11,2014.846
8,"karyawan, sdm, teladan, terima karyawan, calon anggota",21,2014.846
9,"tablet, amp, kalender, spesifikasi, application kategori",8,2014.846
10,"klub, futsal, olahraga, bola, line",16,2014.846
11,"puskesmas, rumah sakit, tingkat matang, kabupaten blitar, dinas sehat",5,2014.846
12,"polisi, pos, rel, macet, lintas",11,2014.846
13,"agile, fase, sukses, graph, relasi",4,2014.846
14,"demam, gejala, diagnosa, paru, sakit kulit",12,2014.846
15,"kotak, application simulasi, vuforia, rak, maya",6,2014.846
16,"tekstur, citra latih, ciri, wajah, tanda tangan",15,2014.846
17,"jogja, jual online, toko online, kece, com",2,2014.846
18,"ringkas teks, dokumen teks, ringkas, linguistik, teks otomatis",1,2014.846
19,"lensa, kamera, psnr, camera, ambil citra",5,2014.846
20,"ibadah, arab, an, bahasa arab, islam",6,2014.846
21,"kota pasuruan, maritim, pasuruan, air tawar, ikan",4,2014.846
22,"kos, com, model ancang, alir, unikom",1,2014.846
23,"tingkat usabilitas, sesuai standar, jenis kelamin, tuju user, kelamin",1,2014.846
24,"ve bayes, ve, na ve, na, bayes",2,2014.846
25,"usaha capai, information usaha, bisnis usaha, olah lapor, usaha manfaat",1,2014.846
26,"saham, investor, tingkat untung, investasi, fuzzy ahp",4,2014.846
27,"endtoend delay, delay packet, endtoend, olsr, hoc",6,2014.846
28,"serang serang, firewall, serang, dos, jenis serang",4,2014.846
29,"miskin, keluarga, sejahtera, minta sedia, sasar",16,2014.846
30,"detik detik, pinjam dana, angsur, simpan pinjam, phase",4,2014.846
31,"harga jual, fknn, fuzzy, algoritma fuzzy, dki jakarta",11,2014.846
32,"download, protokol network, perangkat network, network perangkat, internet butuh",5,2014.846
33,"madura, jepang, ajar bahasa, tutur, bahasa inggris",4,2014.846
34,"sapi, ternak, bahan pakan, pakan, kelinci",10,2014.846
35,"kmeans, silhouette coefficient, coefficient, silhouette, centroid",10,2014.846
37,"query, lipat, mart, eksekusi, table",2,2014.846
38,"cahaya lampu, perangkat elektronik, remote control, smart home, algoritma kmeans",3,2014.846
39,"alat musik, interior, milik usaha, surat, application virtual",5,2014.846
40,"bakar, tentu status, gas, fire, kendara motor",2,2014.846
41,"jadwal ajar, asisten, crossover, number, jadwal",6,2014.846
42,"entropi, cryptography, steganografi, cipher, enkripsi",6,2014.846
43,"kualitas air, bendung, sungai, cemar, air",4,2014.846
44,"silat, bangsa, budaya, adat, wayang",8,2014.846
45,"aksara jawa, kenal suara, aksara, cabang ilmu, suara",1,2014.846
46,"proyek, uji layak, laksana proyek, estimasi, estimasi biaya",3,2014.846
47,"trayek, pilih mobil, bekas, angkut, pajak",5,2014.846
48,"gizi, butuh gizi, zat, gizi imbang, bahan makan",4,2014.846
49,"wsn, alamat, sensor network, wireless sensor, hutan",3,2014.846
50,"korelasi, beli sama, analisis korelasi, frequent itemset, information barang",3,2014.846
51,"pustaka, cari buku, buku, koleksi, buku pustaka",6,2014.846
52,"bencana, gempa, gempa bumi, bumi, bencana alam",11,2014.846
53,"alat musik, ajar alat, musik, kuis, tahap validasi",3,2014.846
54,"virtual machine, virtual, live, laboratorium, mesin",4,2014.846
55,"takut, pribadi, terapi, tanda tangan, lvq",3,2014.846
56,"sepeda, sepeda motor, bekas, motor, dealer",9,2014.846
57,"ayam, produktif, telur, pasti, supplier",4,2014.846
58,"status gizi, gizi, balita, status, tentu status",7,2014.846
60,"majalah, information kuliner, kuliner, tahu teknologi, application terap",2,2014.846
64,"detak jantung, detak, janin, jantung, performa akurasi",1,2014.846
65,"led, eror, detak, detak jantung, daki",1,2014.846
66,"pln, listrik, kota batu, akibat rugi, koefisien",2,2014.846
67,"short message, message service, short, message, sms",4,2014.846
68,"sms, darah, sms gateway, acara, ingat",1,2014.846
69,"kopi, sakit tanam, diagnosa sakit, devisa, milik harga",4,2014.846
70,"klasifikasi dokumen, threshold, dokumen latih, uji klasifikasi, latih dokumen",1,2014.846
71,"jemaat, gereja, umat, majalah, bina",3,2014.846
72,"legislatif, calon anggota, kampanye, information perangkat, application client",1,2014.846
73,"kredit, pruning, nasabah, pre, partisi",5,2014.846
75,"tingkat matang, maturity level, maturity, tata kelola, cobit",4,2014.846
76,"request, queue, idle, load, load balancing",1,2014.846
77,"kontroler, beacon, plane, network butuh, respon",1,2014.846
78,"diabetes, derita diabetes, pakar tingkat, derita, dunia indonesia",2,2014.846
81,"kanker, kualitas hidup, paru, tentu kualitas, sel",3,2014.846
82,"terjemah bahasa, isyarat, webcam, alfabet, terjemah",1,2014.846
86,"bal, ternak, application manfaat, sapi, fungsional unit",1,2014.846
88,"segmen, distribusi barang, distribusi, permutasi, truk",9,2014.846
89,"restoran, maintainability, notepad, functionality, intranet",2,2014.846
90,"daki, puncak, sesat, satelit, has",1,2014.846
91,"gesture, kinect, bedasarkan, application smart, gera tangan",1,2014.846
93,"parkir, slot, lahan, kosong, area parkir",3,2014.846
94,"information jual, strategi pasar, butuh rumah, properti, beli rumah",3,2014.846
96,"obat, uptd, date, kurang stok, sedia obat",2,2014.846
97,"barang harga, toko toko, milik sulit, bebas salah, beli barang",2,2014.846
98,"steganografi, sembunyi, sisip, mp3, berkas",3,2014.846
99,"ganggu, diagnosa, mesin inferensi, bangun pakar, psikologis",3,2014.846
100,"inflasi, emas, harga emas, fuzzy time, kurs",2,2014.846
102,"ajar matematika, matematika, interaktif ajar, ajar interaktif, siswa tingkat",2,2014.846
103,"car, transaksi sewa, rental, putra, surya",2,2014.846
104,"kucing, dokter hewan, sia, bulu, dokter",1,2014.846
-1,"crm, nfc, stroke, langgan, blog",317,2015.769
0,"siswa, materi, ipa, guru, prestasi",144,2015.769
1,"main, main main, main bola, buat main, basket",36,2015.769
2,"sakit tanam, hama sakit, tebu, tani, hama",57,2015.769
3,"wisata, kota cirebon, cirebon, daki, paket wisata",35,2015.769
4,"impact, sukses, banking, sri, mobile banking",15,2015.769
5,"tweet, twitter, jejaring sosial, spam, partai",13,2015.769
6,"bahan baku, baku, produksi, kontainer, pupuk",22,2015.769
7,"kota cimahi, kabupaten klaten, village, kampung, information desa",8,2015.769
8,"terima karyawan, pegawai, karyawan, daya manusia, putus terima",16,2015.769
9,"komik, foto, application anak, frame, revolusi",13,2015.769
10,"futsal, klub, olahraga, sepak bola, sepak",19,2015.769
11,"rumah sakit, awat, pasien rawat, pasien, rawat inap",11,2015.769
12,"tabrak, rel, simpang, kendara, lintas",14,2015.769
13,"kualitas perangkat, model kualitas, nilai kualitas, kode sumber, perangkat lunak",12,2015.769
14,"demam, tular, belief, seksual, paru",20,2015.769
15,"reality, gera kepala, augmented reality, augmented, virtual reality",15,2015.769
16,"tekstur, ciri, ciri tekstur, na bayes, ekstraksi ciri",10,2015.769
17,"commerce, semantic, barang langgan, bukalapak, mudah jual",8,2015.769
18,"ringkas, sense, kalimat, chain, parsing",7,2015.769
19,"fotografi, citra, segmentasi citra, citra asli, derau",10,2015.769
20,"haji, arab, hafal, doa, halal",8,2015.769
21,"udang, pakan, ikan, jaring, tambak",8,2015.769
24,"momentum, radial basis, basis function, mukim, radial",4,2015.769
25,"model kualitas, drum, integrity, jalan bisnis, kompetitor",8,2015.769
26,"emas, investasi, harga emas, tunas, hias",6,2015.769
27,"topologi, mesh, multipath, mobilitas, routing",11,2015.769
28,"vulnerability, iso, signature, aman information, traffic",2,2015.769
29,"miskin, terima bantu, tinggal, beras, rumah tangga",12,2015.769
30,"atm, monitoring evaluasi, barang usaha, komparasi, juli",3,2015.769
31,"anfis, fuzzy, fungsi anggota, tingkat potensi, komplain",13,2015.769
32,"file sharing, file, peertopeer, sharing, ukur file",19,2015.769
33,"kursus, bal, bahasa inggris, inggris, basa",3,2015.769
34,"pakan, sapi, susu, ternak, butuh nutrisi",15,2015.769
35,"reduction, apriori, parallel, pusat cluster, characteristics",4,2015.769
36,"robot, terbang, start, pid, attitude",9,2015.769
37,"hasil kembang, lunak bahasa, orm, yii, butuh tahap",1,2015.769
38,"lampu, smart home, home, cahaya, kendali lampu",11,2015.769
39,"golek, jamu, wayang, baca berita, museum",9,2015.769
40,"tabung, gas, karbon, beri materi, suluh",5,2015.769
41,"jajar, kapal, algoritma genetika, jadwal, uji semester",14,2015.769
42,"baris, piksel, encryption, teknologi cepat, pad",1,2015.769
43,"sungai, air bersih, kualitas air, air, cemar",8,2015.769
44,"silat, adat, toraja, budaya, upacara",5,2015.769
45,"suara, kenal suara, pitch, pria, sinyal suara",4,2015.769
46,"scrum, risiko, mitigasi, kerangka, stakeholder",4,2015.769
47,"transportasi, alat transportasi, capai user, bus, persentase hasil",5,2015.769
48,"gizi, butuh gizi, bahan makan, obesitas, makan penuh",13,2015.769
49,"wsn, node, wireless, wireless sensor, teknologi wireless",7,2015.769
50,"toko buku, solusi ideal, diskon, agregasi, ide",2,2015.769
51,"baja, pinjam buku, buku, sesuai minat, cryptography",3,2015.769
52,"rawan, bencana, bencana alam, geotagging, korban jiwa",5,2015.769
53,"tenaga ajar, efek, lagu, lirik, musik",4,2015.769
54,"cloud, storage, media simpan, service cloud, rsa",7,2015.769
55,"stres, uji latih, akurasi uji, tes, silhouette",2,2015.769
56,"rusa, mobil, sepeda motor, motor, sepeda",8,2015.769
57,"kandang, ayam, telur, daging, ternak ayam",9,2015.769
58,"orangtua, balita, hamil, child, gizi",10,2015.769
59,"movie, full, kueri, top, film",1,2015.769
60,"berita, information berita, news, situs berita, koran",6,2015.769
61,"limbah, giat operasional, bank, sampah, cemar",2,2015.769
62,"emosi, students, rangsang, mouse, sentiment",4,2015.769
63,"publish, broker, publish subscribe, subscriber, subscribe",5,2015.769
64,"jantung, pemrosesan citra, janin, fungsional tahap, suhu tubuh",2,2015.769
65,"curah hujan, curah, hujan, arima, gelombang",3,2015.769
66,"listrik, pln, energi listrik, energi, lapor keluh",7,2015.769
67,"kompresi, speech, coding, speech recognition, kombinasi algoritma",2,2015.769
68,"darah, dashboard, business intelligence, jaring, individual",3,2015.769
69,"kopi, cafe, daun, sakit sakit, sakit tanam",3,2015.769
70,"information retrieval, retrieval, temu information, stemming, dokumen teks",3,2015.769
71,"pemuda, hari, gereja, ios, saksi",2,2015.769
73,"bangkrut, kredit, pensiun, model prediksi, nasabah",4,2015.769
74,"helm, diskon, zona, kaca, haar cascade",2,2015.769
75,"windows windows, koperasi, windows, capai user, kompatibel",1,2015.769
76,"load balancing, balancing, trip time, load, round trip",1,2015.769
77,"plane, kontroler, ips, defined, dos",5,2015.769
78,"diabetes, gejala sakit, hipertensi, dempster shafer, dempster",3,2015.769
79,"mulut, gigi, tulang, sakit, diagnosa",7,2015.769
80,"wireless, dtn, access point, kanal, perangkat network",7,2015.769
81,"kanker, sel, herbal, gen, dna",3,2015.769
82,"mini, indera, sembuh, disabilitas, merespon",1,2015.769
83,"structure, neural network, neural, kalman filter, kalman",1,2015.769
85,"aman rumah, rumah tinggal, kriminal, hasil rata, rumah",3,2015.769
86,"hitung kendara, kendara jalan, jalan raya, banding training, jenis kendara",1,2015.769
87,"hewan pelihara, pelihara, hewan, pet, binatang",2,2015.769
88,"rute, mutation rate, parameter baik, sulit langgan, genetika solusi",1,2015.769
89,"layout, restoran, kedai, echo, menu",3,2015.769
90,"koordinat, gps, kurir, posisi user, accelerometer",11,2015.769
91,"ketik, sandang disabilitas, papan, environment, disabilitas",2,2015.769
93,"parkir, area parkir, reservasi, nfc, teknologi nfc",4,2015.769
94,"properti, rumah layak, layak huni, huni, bangun rumah",3,2015.769
95,"event organizer, wedding, organizer, acara, event",1,2015.769
97,"besi, supplier, milik harga, akuntansi, manual akibat",2,2015.769
98,"watermarking, psnr, konten digital, audio, cryptography",3,2015.769
99,"disorder, attention, nwknn, identifikasi jenis, kembang anak",4,2015.769
100,"dollar, svr, tukar rupiah, monetary, rupiah",2,2015.769
101,"evaluasi kerja, koperasi, manajemen uang, modal, cabang",2,2015.769
102,"matematika, sekolah dasar, ajar matematika, anak sekolah, mudah nyaman",2,2015.769
103,"mobil, rental, sewa mobil, rental mobil, sedia usaha",1,2015.769
104,"kucing, ras, klasifikasi fitur, fitur klasifikasi, histogram",8,2015.769
105,"arsitektur enterprise, enterprise, ancang arsitektur, strength, definisi butuh",1,2015.769
-1,"messenger, tulis tangan, replikasi, stroke, anggar",431,2016.692
0,"praktikum, materi, kelulus, ceramah, paham materi",118,2016.692
1,"musuh, player, finite state, finite, main",42,2016.692
2,"tanam, biji, hama sakit, hama, sedap",62,2016.692
3,"wisatawan, wisata, daki, pariwisata, mall",52,2016.692
4,"rup, merek, tingkat usability, tema, ajax",27,2016.692
5,"twitter, sanggar, idf, seleksi fitur, calon karyawan",17,2016.692
6,"bahan baku, baku, supply chain, supply, chain",57,2016.692
7,"desa, village, star, business intelligence, perintah",14,2016.692
8,"pegawai, preferensi, pns, kontrak, kerja pegawai",19,2016.692
9,"telepon genggam, genggam, telepon, collector, smartphone",24,2016.692
10,"salah prediksi, bola, lawan, sepak bola, sepak",18,2016.692
11,"rumah sakit, rawat inap, rawat, subsistem, pasien",22,2016.692
12,"plat nomor, plat, kendara motor, palang, kendara",19,2016.692
13,"ubah butuh, ontologi, perangkat lunak, lunak, free",19,2016.692
14,"hati, hepatitis, gejala, demam, derita",18,2016.692
15,"bangun ruang, maya, realitas, animasi, reality",14,2016.692
16,"tanda tangan, wajah, moment, tanda, kenal wajah",18,2016.692
17,"tokopedia, jual beli, side, ambil bijak, service sms",5,2016.692
18,"kamus, majemuk, kalimat, ekspansi, eja",27,2016.692
19,"kamera, fotografi, foto, lembar, ambil gambar",17,2016.692
20,"zakat, waris, arab, haji, bahasa arab",16,2016.692
21,"ikan, air tawar, kolam, jual ikan, air",15,2016.692
22,"bisnis jalan, eksekusi, business process, ecommerce, model application",1,2016.692
24,"seleksi fitur, improved kmeans, vector machine, relevance, elm",11,2016.692
25,"cafe, erp, nusantara, kopi, banking",7,2016.692
26,"saham, teknikal, harga saham, gera harga, investasi",38,2016.692
27,"protokol routing, routing, topologi, pola gera, mesh",13,2016.692
28,"manajemen network, call, injection, sql, aman application",9,2016.692
29,"anggur, miskin, afer, lowong kerja, backpropagation prediksi",12,2016.692
30,"celaka, lapor uang, detail information, laundry, entitas",4,2016.692
31,"interval, fuzzy time, fuzzy, time series, series",20,2016.692
32,"ftp, service internet, bandwidth, jitter, proxy",14,2016.692
33,"aksara, jepang, font, bal, dayak",10,2016.692
34,"susu, kambing, sapi, upt, daging sapi",10,2016.692
35,"multidimensional, sequential, sekuensial, frequent, kelompok dokumen",11,2016.692
36,"robot, lengan, pindah barang, gera, akselerometer",12,2016.692
37,"query, temporal, transaction, rasional, dbms",17,2016.692
38,"smarthome, lampu, smart home, ble, home",17,2016.692
39,"nasabah, teladan, resep, santri, assurance",9,2016.692
40,"bakar, lpg, gas lpg, gas, bakar hutan",10,2016.692
41,"gen, constraint, jadwal, kromosom, jadwal kuliah",20,2016.692
42,"disk, encryption, cryptography, grain, decryption",15,2016.692
43,"tinggi air, air, sungai, air butuh, deteksi tepi",10,2016.692
44,"sulawesi, budaya, cerita rakyat, seni, tari",7,2016.692
45,"mfcc, suara, kenal suara, eja, hmm",10,2016.692
46,"proyek, laksana proyek, pim, manajemen proyek, resiko",19,2016.692
47,"customer service, transportasi, turis, bus, mobilitas",9,2016.692
48,"diet, berat badan, asupan, kalori, berat",16,2016.692
49,"sensor node, sleep mode, sensor network, wireless sensor, wsn",11,2016.692
50,"scm, kemudi, saing usaha, marketing, kuesioner online",5,2016.692
51,"buku digital, knowledge, pustaka, creation, koleksi",5,2016.692
52,"bencana, recovery, plan, getar, tsunami",8,2016.692
53,"nada, musik, subkriteria, lagu, instrumen",11,2016.692
54,"docker, kontainer, hosting, host, memori",5,2016.692
55,"stres, pra, jiwa, pribadi, solusi tangan",4,2016.692
56,"sepeda motor, sepeda, rusa, motor, mekanik",3,2016.692
57,"ayam, kandang, telur, pakan, butuh nutrisi",8,2016.692
58,"balita, status gizi, salin, gizi, hamil",8,2016.692
59,"film, review, information gain, tonton, gain",4,2016.692
60,"berita, koran, portal berita, berita online, jeda",9,2016.692
61,"sampah, angkut, proximity, tutup, buang sampah",5,2016.692
62,"emosi, attitude, klasifikasi teks, klasifikasi emosi, rules",7,2016.692
63,"mqtt, perangkat iot, iot, jwt, middleware",9,2016.692
64,"hipertensi, jantung, suhu tubuh, detak jantung, detak",8,2016.692
65,"curah hujan, curah, hujan, svr, parameter svr",12,2016.692
66,"energi listrik, listrik, alat elektronik, energi, energy",5,2016.692
67,"pesan teks, messaging, pesan, sms, kirim pesan",16,2016.692
68,"darah, ginjal, gagal ginjal, pmi, information stok",7,2016.692
69,"cafe, kopi, minum, pilih menu, biaya produksi",3,2016.692
70,"stemming, retrieval, dokumen relevan, ekstraksi information, query",13,2016.692
71,"umat, gereja, pangkal, ibadah, kelola inventaris",3,2016.692
72,"voting, algoritma cryptography, agen, mungut, count",3,2016.692
73,"nilai layak, kredit, laku usaha, pinjam, kud",6,2016.692
74,"fashion, kelompok langgan, diskon, day, sesuai jenis",3,2016.692
75,"duplikasi, spare, rasio, spare part, lapor uang",4,2016.692
76,"proxy, server apache, least connection, load balancing, server web",8,2016.692
77,"controller, sdn, failover, plane, dijkstra",9,2016.692
78,"diabetes, buluh, derita diabetes, algoritme kmeans, buluh darah",7,2016.692
79,"gigi, mulut, klasifikasi sakit, algoritme genetika, pakar sakit",5,2016.692
80,"spray, wait, dtn, prophet, delay",11,2016.692
81,"kanker, protein, agen, paru, derita",4,2016.692
82,"tuna, isyarat, sandang, kaum, prototype application",7,2016.692
83,"bird, reinforcement learning, reinforcement, reasoning, nalar",2,2016.692
85,"pintu, home industry, limit, switch, jarak meter",11,2016.692
86,"pintu, information desa, akses application, pesat butuh, desa",2,2016.692
87,"hewan pelihara, jemput, anjing, pelihara, hewan",4,2016.692
88,"mtsp, muat, salesman problem, travelling salesman, salesman",8,2016.692
89,"rumah makan, komposisi, kemas, jepang, komposisi makan",2,2016.692
90,"spbu, positioning, lbs, sembako, service lokasi",6,2016.692
91,"gera kepala, sumbu, kontroler, kursi, kepala",2,2016.692
92,"volume, produk makan, jualbeli, interpolasi, masakan",2,2016.692
93,"parkir, slot, parkir kendara, gedung, kendara",7,2016.692
94,"lokasi rumah, beli rumah, calon beli, huni, properti",3,2016.692
95,"event, information event, jogja, event organizer, seni",1,2016.692
96,"obat, apotek, medical, pasok, dokter",5,2016.692
97,"outlet, sum, buka cabang, tentu lokasi, strategis",2,2016.692
98,"steganografi, sisip, rahasia, audio, mp3",9,2016.692
99,"tumbuh kembang, kembang anak, tumbuh, disorder, simpang",12,2016.692
100,"inflasi, kurs, tukar rupiah, rupiah, tukar",9,2016.692
101,"koperasi, hrd, kerja pegawai, butuh kriteria, pasir",2,2016.692
102,"matematika, braille, tombol, tunanetra, ajar matematika",2,2016.692
103,"bengkel, sewa, kendara pribadi, tunas, milik kendara",3,2016.692
104,"kucing, pelihara, sakit kulit, modified knearest, modified",6,2016.692
105,"business, business process, subsistem, architecture, ftp",13,2016.692
-1,"senyawa, batu bara, bara, roti, reader",389,2017.615
0,"alumni, ranah, model ajar, flora fauna, flora",76,2017.615
1,"state, state machine, finite state, finite, fsm",55,2017.615
2,"tani, tanam, tanah, jamur, jeruk",68,2017.615
3,"wisata, wisatawan, banjar, hotel, kunjung",33,2017.615
4,"mobile web, usability, tingkat usability, interaction, mobile banking",21,2017.615
5,"twitter, tweet, media sosial, features, sosial",29,2017.615
6,"bahan baku, baku, rencana anggar, teh, anggar",22,2017.615
7,"smart city, city, mail, rukun, rencana bangun",19,2017.615
8,"unit usaha, nilai kerja, jabat, kelola uang, rekrut",8,2017.615
9,"aju proposal, application ingat, smartphone, selular, upacara",27,2017.615
10,"tembak, atlet, olahraga, lomba, futsal",11,2017.615
11,"fasilitas sehat, antri, rekam medis, pasien, ehealth",20,2017.615
12,"rambu, kendara, lintas, celaka, kendara motor",22,2017.615
13,"diagram kelas, sintaks, package, alat bantu, kembang perangkat",11,2017.615
14,"demam, diagnosis, diagnosis sakit, tular, seksual",26,2017.615
15,"kacamata, reality, marker, augmented, augmented reality",17,2017.615
16,"iris, wajah, sift, sidik, tanda tangan",14,2017.615
17,"buta warna, situs web, buta, ecommerce, situs",13,2017.615
18,"type, nlp, kalimat bahasa, kalimat, pemrosesan bahasa",6,2017.615
19,"eye, kenal objek, image, movement, rcnn",13,2017.615
20,"halal, huruf, agama, fourier transform, model akustik",15,2017.615
21,"ikan, tambak, koki, kualitas air, pancing",19,2017.615
22,"jaket, luar kota, produk tawar, mudah jual, beli bayar",1,2017.615
24,"rujuk, swarm optimization, particle swarm, particle, swarm",2,2017.615
25,"trans, kerja dosen, bisnis information, information kerja, mesan tiket",6,2017.615
26,"saham, investasi, emas, harga emas, investor",7,2017.615
27,"routing, adhoc, protokol routing, protokol, packet",19,2017.615
28,"persentase akurasi, polynomial, svm, behavior, sigmoid",2,2017.615
29,"zakat, miskin, bangun desa, rapat, prioritas",8,2017.615
30,"piutang, kost, uang, evaluasi tahap, nominal",8,2017.615
31,"fuzzy time, butuh bahan, hipertensi, time series, produk makan",6,2017.615
32,"lan, jitter, hotspot, auth, login",9,2017.615
33,"jepang, ajar bahasa, banjar, bahasa daerah, bahasa asing",14,2017.615
34,"kambing, sapi, ternak, kelinci, hewan ternak",25,2017.615
35,"buta, modified, huruf, means, graf",6,2017.615
36,"robot, rtos, lengan, servo, gera",24,2017.615
37,"moving, relasi, dfs, library, growing",5,2017.615
38,"smart home, home, voice, smart, smarthome",15,2017.615
39,"resep, query expansion, expansion, pidana, cerita rakyat",8,2017.615
40,"bakar, gas, api, mq, kualitas udara",29,2017.615
41,"jadwal, algoritme genetika, jadwal giat, bentrok, uji semester",9,2017.615
42,"encryption decryption, decryption, encryption, file, mekanisme aman",13,2017.615
43,"air, air bersih, sungai, rata mape, elm",15,2017.615
44,"budaya pariwisata, senjata, budaya, jawa barat, tari",3,2017.615
45,"kenal suara, gpu, paralel, tuning, frekuensi",2,2017.615
46,"proyek, manajemen proyek, kerja proyek, risiko, metriks",9,2017.615
47,"tumpang, bus, antar, terminal, moda",10,2017.615
48,"komposisi makan, obesitas, lemak, makan sehat, menu makan",6,2017.615
49,"wsn, wireless sensor, sensor network, wireless, module komunikasi",17,2017.615
50,"intelegensi, fpgrowth, kain, pola beli, algoritma fpgrowth",5,2017.615
51,"pustaka, taut, digital library, pinjam kembali, akakom",6,2017.615
52,"bencana, rapi, tingkat risiko, tanggulang, logistik",5,2017.615
53,"instrument, lirik, music, grid, lagu",4,2017.615
54,"docker, container, komputasi awan, awan, otentikasi",9,2017.615
55,"jiwa, kfold, takut, klasifikasi sakit, depresi",6,2017.615
56,"racing, sparepart, motor, sepeda motor, spare part",5,2017.615
57,"telur, telur ayam, ayam, daging, kandang",11,2017.615
58,"status gizi, bayi, hamil, berat badan, gizi",5,2017.615
59,"film, ulas, sentimen opini, seleksi fitur, review",9,2017.615
60,"running, pidana, berita, situs berita, information promosi",6,2017.615
61,"sampah, jemput, gas, nasabah, tabung",3,2017.615
62,"kenal emosi, emosi, ekspresi, mikro, lbp",3,2017.615
63,"middleware, iot, broker, mqtt, protokol mqtt",18,2017.615
64,"denyut, denyut jantung, jantung, sakit jantung, bpm",7,2017.615
65,"hujan, curah hujan, curah, banjir, jemur",9,2017.615
66,"listrik, daya listrik, energi listrik, panel, energi",10,2017.615
67,"sms, sms gateway, gsm, iur, service sms",5,2017.615
68,"ginjal, darah, pmi, gagal ginjal, reaktif",16,2017.615
69,"suplai, kopi, kafe, suhu kelembaban, biji",2,2017.615
70,"relevance, dokumen relevan, query expansion, query, expansion",8,2017.615
71,"gereja, santa, umat, media buku, ada barang",3,2017.615
72,"milu, mungut, kepala desa, algoritme grain, grain",6,2017.615
73,"kredit, quantization lvq, bank, topsis, putus beri",4,2017.615
75,"distribusi barang, purwokerto, lapor transaksi, munculah, bangun bahasa",1,2017.615
76,"web server, load balancing, balancing, kontainer, connection",9,2017.615
77,"openflow, switch, plane, sdn, algoritme",16,2017.615
78,"diabetes, derita diabetes, pasien derita, ahli gizi, kalori",4,2017.615
79,"gigi, mulut, mknn, poliklinik, catat rekam",4,2017.615
80,"tcp, early, antri, buffer, antre",7,2017.615
81,"kanker, gen, sel, belah, protein",6,2017.615
82,"tuna, medical, people, kaum, hospital",2,2017.615
83,"sintesis, deep learning, generator, deep, uniform",1,2017.615
84,"microservice, daya komputasi, teknologi bangun, implementasi arsitektur, restful api",2,2017.615
85,"aman rumah, pintu, alarm, milik rumah, rumah",9,2017.615
86,"expert, disease, children, puskesmas, bidang layan",2,2017.615
87,"anjing, hewan, hewan pelihara, pelihara, rekam medis",8,2017.615
88,"kirim barang, rute, populasi ukur, mtsp, pilih jalur",3,2017.615
89,"restoran, rumah makan, menu, item, studio bahasa",3,2017.615
90,"location services, blitar, kabupaten blitar, dekat application, location",2,2017.615
91,"kursi, gera kepala, roda, kondisi jalan, cepat motor",8,2017.615
92,"fitur warna, fitur tekstur, jenis makan, hsv, tekstur",6,2017.615
93,"parkir, reservasi, lantai, tentu lokasi, fit",4,2017.615
94,"rumah layak, layak huni, huni, layak, bangun rumah",3,2017.615
95,"event organizer, event, organizer, acara, gamification",3,2017.615
96,"apotek, arima, obat, pangkal, autoregressive",2,2017.615
97,"tingkat service, bahan bangun, mojokerto, stok, kadaluarsa",3,2017.615
98,"rahasia, steganografi, watermarking, notasi, pesan",6,2017.615
99,"kembang anak, lvq, disorder, shafer, mknn",5,2017.615
100,"inflasi, rerata, bahan bakar, bank indonesia, indeks",5,2017.615
102,"matematika, ujicoba, game edukasi, application main, langkah langkah",5,2017.615
103,"siswa siswi, siswi, tua siswa, kembang siswa, memonitoring",1,2017.615
104,"kucing, klasifikasi kategori, pelihara, gejala sakit, terap strategi",2,2017.615
-1,"saas, bug, adu, laundry, negeri malang",401,2018.538
0,"pemrograman dasar, prestasi, akademik, smk, ekstrakurikuler",108,2018.538
1,"bird, state, finite state, finite, state machine",36,2018.538
2,"pangan, cabai, tani, panen, kacang",59,2018.538
3,"wisata, wisatawan, pariwisata, objek wisata, destinasi",59,2018.538
4,"web apps, com, apps, kompas com, progressive web",21,2018.538
5,"twitter, tweet, media sosial, opini, sosial",29,2018.538
6,"raw, kaos, production, brand, market",9,2018.538
7,"kec, surat, trenggalek, tata kelola, bintang",23,2018.538
8,"official, karyawan, pangkat, pegawai, kerja karyawan",14,2018.538
9,"ponsel pintar, smartphone, lampung, handphone, kotlin",19,2018.538
10,"olahraga, lari, sepak bola, sepak, gym",17,2018.538
11,"medis, rekam medis, pasien, medis pasien, rumah sakit",14,2018.538
12,"jalan kota, ruas jalan, kendara, deteksi kendara, ruas",12,2018.538
13,"kakas bantu, chunk, kakas, maintainability, mang penting",30,2018.538
14,"cerna, chaining, diare, algoritma naive, forward chaining",10,2018.538
15,"musik tradisional, gesture, museum, alat musik, zoom",11,2018.538
16,"mask, wajah, gender, ekstraksi ciri, style",11,2018.538
17,"lead, iklan, lelang, agen, marketing",14,2018.538
18,"anotasi, kalimat, ringkas, faktual, berita bahasa",11,2018.538
19,"fotografi, eye, movement, pixel, kualitas citra",13,2018.538
20,"akta, ayat, masjid, adil, perkara",12,2018.538
21,"ikan, air, sarang, tambak, pakan",17,2018.538
22,"kelola mesan, collection, information kelola, baju, implementasi terap",1,2018.538
24,"missing, tetangga dekat, algorithms, bidang computer, ekg",7,2018.538
25,"balanced, tunas, uajy, ukur performa, teknologi information",17,2018.538
26,"emas, saham, harga emas, prediksi harga, harga saham",6,2018.538
27,"end, node, routing, ukur paket, packet",11,2018.538
28,"insiden, nist, extreme learning, jahat, learning machine",8,2018.538
29,"bpjs, terima bantu, lurah, calon terima, tentu calon",3,2018.538
30,"kas, rasio, cash, midtrans, bayar",11,2018.538
31,"stok barang, linier ganda, mamdani, regresi linier, inference",7,2018.538
32,"hotspot, streaming, wireless mesh, teknologi wireless, social media",5,2018.538
33,"aksara, aksara jawa, inggris, bahasa inggris, jepang",10,2018.538
34,"kelinci, ternak, sapi, kawin, model regresi",6,2018.538
35,"graf, som, graph, partisi, cluster",9,2018.538
36,"robot, obstacle, gestur tangan, mapping, lantai",10,2018.538
37,"query, objek gerak, spatiotemporal, temporal, kalender",7,2018.538
38,"lampu, saklar, nyala, nyala lampu, kendali lampu",9,2018.538
39,"notaris, pahlawan, kulit wajah, akta, aksara",6,2018.538
40,"asap, gas, bakar, mq, membership",8,2018.538
41,"sidang, algoritme genetika, ajar dosen, mutation, genetika algoritme",6,2018.538
42,"size, block, decryption, key, ciphertext",4,2018.538
43,"air, water, banjir, zat, boros",5,2018.538
44,"tari, klaten, tenun, budaya, senjata",7,2018.538
45,"spontan, ucap, kenal ucap, akurasi kenal, model akustik",3,2018.538
46,"usul, sisip, proyek, manajer, anggota tim",4,2018.538
47,"mobil, transportasi, sewa mobil, ban, jasa sewa",5,2018.538
48,"kalori, berat badan, diet, ukur berat, badan badan",5,2018.538
49,"gateway, wsn, ukur paket, konsumsi energi, wireless",5,2018.538
50,"bayesian, mse, atur bentuk, transaksi jual, laku bisnis",4,2018.538
51,"pustaka, pinjam buku, buku, pinjam, negeri malang",10,2018.538
52,"bencana alam, bencana, lokasi fasilitas, tsunami, gunung",5,2018.538
53,"lagu, lirik, musik, balok, word2vec",6,2018.538
54,"ruang simpan, apache spark, alokasi sumber, spark, storage",2,2018.538
55,"depresiasi, disorder, depresi, cemas, sehat mental",8,2018.538
56,"sepeda motor, honda, sepeda, motor, dealer",7,2018.538
57,"ayam, telur, suhu lembap, kandang, terna",7,2018.538
58,"baby, status gizi, balita, gizi, spa",8,2018.538
59,"film, bigram, produk cantik, trigram, ulas",14,2018.538
60,"berita, multilabel, klasifikasi multilabel, isi berita, text mining",7,2018.538
61,"sampah, cair, thingspeak, organik, pupuk",3,2018.538
62,"emosi, kombinasi fitur, ngram, linguistik, ekspresi",4,2018.538
63,"middleware, iot, mac, message, interoperability",10,2018.538
64,"sakit jantung, jantung koroner, koroner, som, jantung",3,2018.538
65,"gelombang, tinggi air, banjir, suhu kelembaban, angin",3,2018.538
66,"kipas, alat elektronik, year, messenger, simulation",3,2018.538
69,"kafe, biji, kopi, tunjuk arah, sensitivitas",3,2018.538
70,"ekstraksi information, bm25, frasa, ayat, domain",6,2018.538
71,"jemaat, gereja, agenda, ibadah, pasu keluar",4,2018.538
72,"voting, mungut, blockchain, legislatif, adil",7,2018.538
73,"bagging, kredit, smote, ketidakseimbangan, macet",4,2018.538
75,"log, kelola pegawai, information pegawai, tentu sedia, maturity level",5,2018.538
76,"load balancing, balancing, session, load, request",7,2018.538
77,"flood, ips, flow, table, removal",2,2018.538
78,"diabetes, algoritma bayes, klinik, rcnn, pasien",4,2018.538
79,"gigi, klinik, dokter, rekam medis, medis pasien",5,2018.538
80,"buffer, flood, routing, throughput packet, dtn",4,2018.538
81,"kanker, sel, recall accuracy, belah, fold",2,2018.538
82,"hog, alternative, objek citra, isyarat, communication",2,2018.538
83,"alokasi sumber, tensorflow, training, memori, alokasi",3,2018.538
84,"krs, container, online milik, microservice, kartu",1,2018.538
85,"pintu, infrared, gerbang, sensor infrared, door",3,2018.538
86,"arsip, kidul, cepat information, desa, masyarakat desa",4,2018.538
87,"salon, hewan, klinik, paradigma, information mesan",2,2018.538
88,"wahyu, kurang stok, rute optimal, distribusi, lebih kurang",3,2018.538
89,"restoran, identity, mesan makan, brand, rumah makan",7,2018.538
90,"chatting, handphone, beacon, gps, rute dekat",4,2018.538
91,"benang, disabilitas, sandang disabilitas, sandang, garis",4,2018.538
92,"fitur warna, color, fitur tekstur, tekstur, ekstraksi fitur",17,2018.538
93,"parkir, tag, reader, portal, jalan otomatis",2,2018.538
94,"gedung, bangun rumah, preference similarity, huni, order preference",4,2018.538
95,"organizer, event, event organizer, acara, wedding",6,2018.538
96,"apotek, obat, obat obat, cari cari, colony optimization",6,2018.538
97,"promo, barang toko, kosmetik, kadaluarsa, serba",2,2018.538
98,"significant, least, sembunyi, bit, kerja akurasi",2,2018.538
100,"day, bunga, suku, machine elm, elm",1,2018.538
102,"ajar matematika, matematika, prototipe, mudah ajar, high fidelity",1,2018.538
103,"sewa, sewa barang, jasa sewa, mobil, information sewa",4,2018.538
104,"kucing, sakit kulit, kulit, gejala sakit, smote",2,2018.538
-1,"computational, promo, burung, kosmetik, compatibility",369,2019.462
0,"wali, siswa, akakom, kurikulum, wali murid",76,2019.462
1,"gim, genre, policy, board, player",29,2019.462
2,"matang, buah, jeruk, ekspor, kelapa",33,2019.462
3,"wisata, wisatawan, pariwisata, objek wisata, kunjung",58,2019.462
4,"mobile banking, bukalapak, com, responsive, banking",22,2019.462
5,"media sosial, twitter, opini, komentar, topik",23,2019.462
6,"pad, sari, kreasi, bahan bangun, jujur",7,2019.462
7,"kelompok tani, malu, desa, information giat, surat",13,2019.462
8,"lamar, jabat, rekrutmen, hrd, lamar kerja",13,2019.462
9,"mvp, pola ancang, smartphone, model view, view",20,2019.462
10,"futsal, olahraga, gym, tanding, aktivitas fisik",15,2019.462
11,"rumah sakit, pasien, rekam medis, medis, darurat",19,2019.462
12,"rambu, celaka, macet, lintas, deteksi objek",24,2019.462
13,"model bisnis, brain, kakas bantu, startup, class",10,2019.462
14,"diare, kulit, dempster shafer, dempster, shafer",10,2019.462
15,"marker, lux, planet, marker deteksi, ground",16,2019.462
16,"kenal wajah, wajah, tanda tangan, deteksi wajah, presensi",11,2019.462
17,"bleu, tokopedia, ecommerce, jual kain, prediksi jual",13,2019.462
18,"bahasa indonesia, word embedding, levenshtein distance, sequential, kategorisasi",14,2019.462
19,"style, indra, kamera, estimation, object detection",12,2019.462
20,"ontologi, zakat, tajwid, application ingat, semi",8,2019.462
21,"ikan, laut, tangkap, karang, ekosistem",11,2019.462
22,"konveksi, kustomisasi, collection, butik, analisa butuh",2,2019.462
23,"village, covid, batik, konfirmasi, cluster cluster",3,2019.462
24,"resampling, bias, algoritma klasifikasi, ilmiah, ketidakseimbangan kelas",13,2019.462
25,"kewirausahaan, jahit, lowong, presensi pegawai, sektor industri",8,2019.462
26,"investasi, saham, investor, return, putus beli",5,2019.462
27,"routing, protokol routing, isis, protokol, kerja protokol",28,2019.462
28,"vulnerability, application laravel, dunia maya, kakas analisis, statis",3,2019.462
29,"tumbuh duduk, upah, duduk, laju, tumbuh",7,2019.462
30,"piutang, uang, kas, spp, information akuntansi",11,2019.462
31,"series prediksi, fuzzy time, time series, series, algoritma fuzzy",4,2019.462
32,"bandwidth, kirim file, arima, mbps, access point",7,2019.462
33,"rekognisi, ajar bahasa, korea, bahasa inggris, tingkat sekolah",5,2019.462
34,"daging, daging sapi, susu, sapi, kab",6,2019.462
35,"sift, clustering, centroid, klaster, nodes",8,2019.462
36,"robot, roda, pid, lengan, navigasi",12,2019.462
37,"region, extension, predikat, spatiotemporal, moving",8,2019.462
38,"kendali lampu, halang, lampu, perintah suara, halang jarak",3,2019.462
39,"ikan nila, tukang, lomba, putus beli, information giat",10,2019.462
40,"indoor, bakar, bakar hutan, quality, mq",8,2019.462
41,"jadwal kuliah, jadwal, praktikum, kuliah, bentrok",3,2019.462
42,"encryption, algoritme grain, grain, plaintext, cryptography",4,2019.462
43,"cemar, air, sungai, volume air, muka air",9,2019.462
44,"traditional, adat, food, indonesian, generation",3,2019.462
45,"model akustik, akustik, wer, audio, spectral",12,2019.462
46,"proyek, kerja proyek, manajemen proyek, manajer, sinergi",7,2019.462
47,"angkot, bus, ban, bandara, transportasi",10,2019.462
48,"balita, siklus, pengaruh tumbuh, susu, butuh gizi",1,2019.462
49,"lora, jarak meter, wsn, node, flooding",9,2019.462
50,"itemset, goods, sembako, square, least",6,2019.462
51,"kembali, buku, pustaka, pinjam, pinjam buku",4,2019.462
52,"bencana, gempa, bencana alam, syaraf tiru, network syaraf",3,2019.462
53,"musik, lagu, music, contentbased, emosi",5,2019.462
54,"ciphertext, storage, live, plaintext, cloud computing",6,2019.462
55,"stres, mental, sehat mental, depresi, psikologis",5,2019.462
56,"dealer, manhattan, low power, lbs, celaka",3,2019.462
57,"ayam, telur, telur ayam, daging, terna",7,2019.462
58,"imunisasi, hamil, kembang anak, compatibility jalan, issue",2,2019.462
59,"film, produk cantik, seleksi fitur, review, ulas",9,2019.462
60,"berita, berita online, portal berita, kabupaten bantul, portal",6,2019.462
61,"sampah, bank, plastik, buang sampah, botol",8,2019.462
62,"emosi, produk konsumen, konsumen, baik rata, masalah klasifikasi",1,2019.462
63,"auto, mqtt, scaling, broker, paralelisasi",3,2019.462
64,"jantung, klasifikasi knn, suhu tubuh, hipertensi, detak",3,2019.462
65,"hujan, cuaca, jemur, curah hujan, kondisi cuaca",4,2019.462
66,"jarak meter, meter, interval, ble, energi listrik",1,2019.462
67,"peti, kemas, wavelet, panti, haar",2,2019.462
68,"darah, ginjal, gagal ginjal, blood, gain",4,2019.462
69,"kopi, kedai, malang raya, takar, raya",5,2019.462
71,"gereja, jemaat, buat jadwal, nikah, komisi",5,2019.462
72,"partai, legislatif, mungut, kepala desa, milik perintah",4,2019.462
73,"kredit, kartu kredit, oversampling, synthetic, decision tree",4,2019.462
74,"kain tenun, kain, tenun, jual kain, promosi jual",5,2019.462
75,"anggar, koperasi, cobit, rencana anggar, absensi",4,2019.462
76,"trafik, web server, load balancing, docker, balancing",5,2019.462
77,"entry, serang ddos, ddos, reduksi, traffic",4,2019.462
78,"diabetes, buluh darah, buluh, strength, pohon putus",4,2019.462
79,"pengaruh latih, uji pengaruh, gigi, rata akurasi, mknn",1,2019.462
80,"buffer, fifo, routing, mesh, bps",2,2019.462
81,"sel darah, sembuh, diagnosis, uji latih, relatif murah",2,2019.462
82,"reading, isyarat, goals capai, kaum, indonesian",3,2019.462
83,"kubernetes, fault, training model, ajar mesin, autoscaling",4,2019.462
84,"microservice, arsitektur microservice, tracing, kubernetes, skalabilitas",8,2019.462
85,"meter meter, meter, security, fingerprint, halang jarak",3,2019.462
86,"posyandu, klinik, kader, industry, kenal suara",6,2019.462
87,"hewan pelihara, anjing, pet, hewan, pelihara",7,2019.462
88,"armada, mtsp, kirim barang, vehicle, problem",1,2019.462
89,"street, kasir, mengupdate, kuliner, catat jual",2,2019.462
90,"spbu, mini, bengkel, wilayah camat, mapbox",2,2019.462
91,"gestur tangan, gestur, gera kepala, disabilitas, pilih menu",8,2019.462
92,"jajan, tekstur, hsv, momen, fitur tekstur",4,2019.462
93,"parkir, slot, resmi, information lapor, information sedia",2,2019.462
94,"property, properti, calon beli, marketplace, bagai",1,2019.462
95,"wedding, nikah, organizer, acara, event",6,2019.462
96,"obat, farmasi, puskesmas, cluster, toraja",1,2019.462
97,"sedia barang, toko milik, rajin, jual toko, transaksi beli",3,2019.462
98,"sisip, visibilitas, dwt, blur, baja",1,2019.462
99,"tulis huruf, tumbuh kembang, gain, gesture, simpang",4,2019.462
100,"emas, harga emas, inflasi, fuzzy time, safe",2,2019.462
101,"astra, credit companies, astra credit, credit, companies",7,2019.462
103,"rental mobil, rental, mobil, bas, sedia jasa",1,2019.462
104,"kucing, knearest neighbour, neighbour, fuzzy knearest, uji sesuai",1,2019.462
-1,"postur, bawang, rapat, tidur, smartwatch",277,2020.385
0,"beasiswa, didik, dosen, aman information, sekolah",86,2020.385
1,"gim, game, generation, video game, procedural",34,2020.385
2,"padi, tani, tanam, panen, buah",37,2020.385
3,"wisata, pariwisata, wisatawan, objek wisata, paket wisata",30,2020.385
4,"application shopee, akakom yogyakarta, design sprint, progressive web, tokopedia",33,2020.385
5,"twitter, tweet, opini, sentimen, netral",25,2020.385
6,"sedia bahan, gaji, bahan baku, manajemen sedia, baku",8,2020.385
7,"surat, surat terang, kelola surat, suku cadang, duduk",17,2020.385
8,"absensi, mitra, bem, calon anggota, putus nilai",10,2020.385
9,"catat hadir, has, suhu tubuh, teman, anak anak",13,2020.385
10,"juara, tanding, gym, lapang, futsal",11,2020.385
11,"rekam medis, layan sehat, pasien, kader, puskesmas",15,2020.385
12,"rambu, celaka lintas, camat, lintas, fps",9,2020.385
13,"celah aman, proyek kembang, liquid, celah, kembang perangkat",9,2020.385
14,"infeksi, paru, sakit kulit, napas, duta",6,2020.385
15,"marker, reality, augmented reality, augmented, maya",13,2020.385
16,"resolusi, kenal wajah, iris, jamur, super",10,2020.385
17,"gradient boosting, laris, jual ikan, boosting, imbalanced",19,2020.385
18,"taksonomi, parser, bert, question answering, answering",12,2020.385
19,"warna, piksel, learning model, deteksi warna, anomali",9,2020.385
20,"masjid, akar, kotak, tata bahasa, islam",9,2020.385
21,"ikan, telusur, beri pakan, budidaya, kolam",10,2020.385
23,"covid, pandemi, virus, corona, pandemi covid",50,2020.385
24,"mebel, borobudur, ajar mesin, sgd, boosting",6,2020.385
25,"bisnis jual, baju, jual produk, catat transaksi, user atas",1,2020.385
26,"saham, knowledge graph, koefisien, prediksi gera, harga saham",7,2020.385
27,"nodes, fis, routing, luas area, normalized",5,2020.385
28,"denial service, denial, ddos, distributed, auditor",5,2020.385
29,"terima bantu, tunai, warga, bedah, lantai",4,2020.385
30,"spp, uang, kas, information akuntansi, financial",14,2020.385
31,"minggu, tsukamoto, november, fuzzy tsukamoto, fuzzy inference",3,2020.385
33,"dictionary, sunda, bahasa jawa, inggris bahasa, mapping",3,2020.385
34,"hewan ternak, sapi, kabupaten banyuwangi, error rata, banyuwangi",3,2020.385
35,"legislatif, murni, profil, auc, empiris",2,2020.385
36,"robot, meta, package, peta, tingkat mirip",3,2020.385
37,"objek gerak, silang, query, indeks, spasial",4,2020.385
38,"guna energi, iot, energi, matahari, smarthome",3,2020.385
39,"sedih, sakit kulit, lirik, suku dayak, dayak",2,2020.385
40,"gas, fire, sensor gas, madam, remote control",4,2020.385
41,"crossover, sesi, generated, optimalisasi, murid",3,2020.385
43,"air, sungai, bersih, air bersih, debit air",11,2020.385
44,"crowdsourcing, wayang, wayang kulit, waris budaya, youtube",3,2020.385
45,"bunyi, audio, parallel, tagging, model baseline",3,2020.385
46,"application manajemen, risiko, branch, cost, goals",6,2020.385
47,"helm, ban, cuci, kendara pribadi, firebase",2,2020.385
48,"kalori, gizi, makan, butuh gizi, diet",8,2020.385
49,"wsn, node sensor, trip time, average, hop",4,2020.385
50,"forecasting, bahan bangun, kedai, prediksi jual, pola jual",8,2020.385
51,"pinjam buku, pinjam, buku digital, buku, itn malang",3,2020.385
52,"gempa, gempa bumi, artificial neural, model dataset, asia",3,2020.385
53,"lagu, sedih, lirik, musik, alat musik",8,2020.385
54,"least connection, connection, konsumsi daya, host, least",7,2020.385
55,"depresi, sehat mental, pribadi, dominan, mental",4,2020.385
56,"sepeda motor, sepeda, motor, rusa, jual jual",3,2020.385
57,"ayam, telur, ekor, prediksi produksi, rumah makan",3,2020.385
58,"salin, saw simple, balita, posyandu, gizi",4,2020.385
59,"antarmuka website, ulas, nwknn, bm25, palsu",3,2020.385
60,"berita, isi berita, peristiwa, portal berita, hot",3,2020.385
61,"sampah, presentase error, imi subskala, subskala, buka tutup",8,2020.385
62,"emosi, ekspresi wajah, kenal emosi, ekspresi, leksikal",4,2020.385
63,"rata delay, discovery, jarak meter, memvalidasi, auth",2,2020.385
64,"jantung, sakit jantung, koroner, jantung koroner, gagal",10,2020.385
65,"siaga, jakarta, dingin, rata error, muka air",2,2020.385
66,"panel, daya listrik, bayang, surya, listrik",4,2020.385
67,"gui, sensor actuator, tambang, duga, actuator",1,2020.385
68,"darah, gamifikasi, ginjal, cocok, algoritma cari",3,2020.385
69,"kopi, kedai, kafe, coffee, meja",8,2020.385
71,"ibadah, gereja, information jadwal, umat, sekretariat",4,2020.385
72,"milu, presiden, lombok, butuh pilih, gubernur",2,2020.385
74,"mebel, strategi jual, jual toko, jaya, stack",3,2020.385
76,"response time, response, load balancing, load, balancing",2,2020.385
77,"dijkstra, algoritma dijkstra, statis, packet loss, packet",1,2020.385
78,"diabetes, napas, sensor mq, darah, lvq",4,2020.385
79,"images, gigi, kesan, segmentation, boundary",4,2020.385
80,"bandwith, relay node, buffer, relay, ping",2,2020.385
82,"isyarat, dialog, alfabet, guna model, motion",4,2020.385
83,"rata cepat, sia, scheduler, job, detik rata",5,2020.385
84,"scaling, autoscaling, kubernetes, vertikal, deployment",6,2020.385
85,"ektp, kos, telegram, tingkat akurat, kamar",2,2020.385
86,"pinjam ruang, tingkat penting, pinjam, perintah desa, kriteria dukung",2,2020.385
87,"anjing, hewan, hewan pelihara, pelihara, buang",6,2020.385
88,"salesman, ant colony, ant, colony, barang kirim",5,2020.385
90,"dbscan, lokasi user, runtime, lokasi application, gps",2,2020.385
92,"kenal jenis, jenis makan, local, hsv, pattern",1,2020.385
93,"parkir, slot, rata persentase, persentase error, detector",2,2020.385
94,"gerbang, rumah, administrasi, lahan, kawasan",3,2020.385
95,"event, selenggara, biro, proposal, chart",2,2020.385
96,"produk sehat, abc, obat, rekomendasi produk, alat sehat",5,2020.385
97,"barang dagang, retur, barang toko, kelola barang, jual beli",3,2020.385
100,"inflasi, dollar, rupiah, naik harga, tukar rupiah",2,2020.385
101,"acc, astra credit, astra, credit, credit companies",10,2020.385
102,"studies, two, transformation, find, community",1,2020.385
103,"rental mobil, rental, mobil, sewa mobil, sewa",4,2020.385
-1,"umkm, pajak, count, quick, digital indonesia",244,2021.308
0,"adi, sprint, sman, scrum, presensi",76,2021.308
1,"games, kembang game, multiplayer, kali, gim",21,2021.308
2,"bibit, hayati, hidroponik, kelapa, coklat",19,2021.308
3,"kampung, wisata, wisatawan, daki, gunung",17,2021.308
4,"service worker, worker, tingkat usability, service web, heuristic",28,2021.308
5,"twitter, sentimen, bpjs, opini, model baseline",13,2021.308
7,"surat terang, adu, buat surat, mohon, surat",14,2021.308
8,"gaji, pns, kerja pegawai, kulon progo, progo",10,2021.308
9,"mebel, deployment, application digital, utilitas, jual mesan",5,2021.308
10,"yolov4, atlet, analytics, lapang futsal, futsal",3,2021.308
11,"klinik, kulit, kirim protokol, rumah sakit, protokol mqtt",3,2021.308
12,"celaka, module gps, korban, curi, celaka lintas",2,2021.308
13,"pattern, deployment, fase, ajar mesin, continuous",4,2021.308
14,"hepatitis, seksual, diagnosis sakit, diagnosis, sakit tular",4,2021.308
15,"renang, animasi, pose, gaya, dada",3,2021.308
16,"wajah, gan, ground, deteksi wajah, citra wajah",3,2021.308
17,"ecommerce, reality application, shopee, ecommerce indonesia, kecewa",7,2021.308
18,"pralatih, model bahasa, multilabel, opini, sentimen aspek",10,2021.308
19,"computer vision, vision, label, wayang kulit, products",5,2021.308
20,"kitab, masjid, blynk, kotak, application blynk",5,2021.308
21,"ikan, controlling, pakan, suhu air, air",7,2021.308
23,"vaksin, covid, vaksinasi, virus, pandemi",32,2021.308
24,"bagging, obat obat, metoda, ketidakseimbangan kelas, atribut",4,2021.308
25,"products, customers, point sale, sedia barang, sale",4,2021.308
26,"gold, bumn, saham, harga saham, price",6,2021.308
28,"fault, gradient boosting, gradient, detection, boosting",4,2021.308
29,"pkk, keluarga, bappeda, bantul, sejahtera",4,2021.308
30,"kas, payment gateway, payment, simpan pinjam, gateway",6,2021.308
31,"himpun fuzzy, laku usaha, inferensi, himpun, minta sedia",1,2021.308
32,"hotspot, bandwidth, manajemen bandwidth, download, upload",6,2021.308
33,"mandarin, jawa, pulau jawa, bahasa jawa, cirebon",5,2021.308
34,"kambing, information sakit, deteksi sakit, tangan sakit, idap",1,2021.308
35,"milik mirip, kmeans kelompok, mirip, text mining, kmeans",3,2021.308
37,"join, nosql, translasi, logical, sub kriteria",7,2021.308
38,"lampu, perintah suara, telegram, mati lampu, nodemcu",3,2021.308
39,"tamu, hotel, himpun, sanggar, kamar",4,2021.308
40,"bakar hutan, hutan, bakar, kondisi cuaca, lahan",2,2021.308
42,"ntt, saldo, encryption, riwayat transaksi, enkripsi",3,2021.308
43,"stock, minum, sensor ultrasonik, ultrasonik, air",1,2021.308
44,"wayang, card, desain kembang, usung, budaya pariwisata",1,2021.308
45,"model akustik, akustik, bicara, statistical, stop",4,2021.308
46,"project, quality assurance, proyek, manajemen proyek, kurva",3,2021.308
47,"tol, kendara pribadi, kendara jalan, kirim produk, infrastruktur jalan",6,2021.308
50,"liquid, atur asosiasi, forecasting, agung, asosiasi",7,2021.308
51,"buku digital, pustaka, minat baca, rata skor, warehouse",4,2021.308
52,"tsunami, rawan, bencana, pantai, kawasan",1,2021.308
54,"simpan file, smart contract, contract, desentralisasi, file",2,2021.308
55,"sehat mental, mental, service sehat, imi, imi subskala",5,2021.308
56,"lipat, sepeda, mobil, alat transportasi, reliabilitas",3,2021.308
57,"kualitas baik, ternak ayam, pakan, ayam, ternak",1,2021.308
58,"lahir, training training, usia, bayi lahir, recall accuracy",2,2021.308
59,"film, prediksi rating, ulas, rating, feature extraction",3,2021.308
60,"portal berita, mvc mvc, portal, mvc, online akses",1,2021.308
61,"sampah, logam, tutup, buka tutup, sensor ultrasonik",3,2021.308
62,"marah, emosi, wanita, ekspresi wajah, start",4,2021.308
64,"iuml bayes, iuml, algoritma decision, feature selection, jantung",1,2021.308
65,"curah hujan, curah, hujan, bmkg, algoritma naive",2,2021.308
66,"angin, cepat angin, energi listrik, listrik, rating technique",1,2021.308
67,"sms, indobert, tipu, dkk, sulit user",1,2021.308
69,"cafe, kopi, kabupaten malang, buah, pas",4,2021.308
70,"ekspansi, feedback, relevance, similaritas, term",2,2021.308
71,"komunitas, anggota, misi, urus, mudah urus",1,2021.308
72,"count, quick, tps, hitung cepat, sample",2,2021.308
73,"laku umkm, pinjam dana, website sedia, pinjam, aju",1,2021.308
74,"hias, wadah, information jual, langgan kota, implementasi web",1,2021.308
75,"gaji, interoperabilitas, lamar, law, rekrutmen",6,2021.308
76,"native, usage, infrastruktur, teknologi virtual, cpu usage",1,2021.308
77,"link, statis, dijkstra, cari jalur, bobot",2,2021.308
78,"gula, derita diabetes, diabetes, hitung total, derita",2,2021.308
79,"gigi, width, mulut, klinik, measurement",2,2021.308
81,"mobilenet, images, transfer learning, datasets, kanker",2,2021.308
82,"isyarat, sign, sandang, aga, terjemah bahasa",6,2021.308
83,"scheduler, tensorflow, latih ajar, scaling, migrasi",3,2021.308
84,"panggil, orkestrasi, circuit, response time, guna cpu",2,2021.308
85,"pintu, rfid, face recognition, web admin, face",3,2021.308
86,"diy, kembang kembang, internet mudah, bidang hidup, kreativitas",3,2021.308
87,"anjing, cinta, hewan, user tuju, presentase",2,2021.308
88,"tsp, satelit, tulis kode, gui, titik titik",2,2021.308
89,"restoran, barokah, kedai, warung, menu makan",5,2021.308
90,"objek gerak, kalman filter, posisi objek, tracking, kalman",1,2021.308
91,"hand, mouse, normalized, features, interaction",1,2021.308
92,"diet, bahan makan, makan konsumsi, model kenal, arsitektur model",1,2021.308
94,"kos, kelola usaha, sewa, efisien efektif, tinggal",1,2021.308
95,"wedding, vendor, landing, sale, event",4,2021.308
96,"apotek, catat stok, obat, gresik, obat obat",2,2021.308
97,"karyawan milik, milik toko, beli toko, stok barang, pesan langgan",2,2021.308
98,"robust, metode, watermarking, chrome, gis",1,2021.308
99,"humancentered design, humancentered, harap tingkat, hcd, sekolah ajar",1,2021.308
100,"tulungagung, inflasi, smoothing, exponential smoothing, exponential",1,2021.308
101,"acc, quest, credit companies, astra, astra credit",3,2021.308
103,"sewa barang, transaksi sewa, sewa mobil, rental mobil, rental",2,2021.308
104,"kucing, pakan, application telegram, kelinci, beri pakan",2,2021.308
105,"portofolio, budget, galeri, arsitektur, karya",3,2021.308
-1,"batik, motif, gamelan, tenun, ocr",321,2022.231
0,"lensa, sukar, register, mentor, thesis",102,2022.231
1,"ren, genre, gamelan, game genre, kembang game",31,2022.231
2,"kelembaban tanah, tanah, lembap, kepul, kelembaban",29,2022.231
3,"wisata, komentar positif, komentar, travel, tradisi",20,2022.231
4,"user interface, web app, app, interface user, interface",50,2022.231
5,"facebook, media sosial, sosial, sentimen, tweet",11,2022.231
6,"tempe, amount, departemen, consumer, production",8,2022.231
7,"village, arsip, surat, tingkat matang, surat surat",15,2022.231
8,"gaji, interview, rekrutmen, summarization, calon karyawan",12,2022.231
9,"samsung, flutter, vital, health, presensi",7,2022.231
10,"bola, basket, mediapipe, tanding, lapang",9,2022.231
11,"cair, solenoid, baik tampil, bidan, awat",7,2022.231
12,"tumpang, kereta api, kendara, bus, kereta",8,2022.231
13,"chunk, static, gpt, alat bantu, dependency",6,2022.231
14,"picu, unsur, indikator, smartwatch, pemrograman dart",2,2022.231
15,"gamelan, virtual reality, virtual, mind, dunia virtual",19,2022.231
16,"model pretrained, face recognition, rentang usia, augmentasi, task klasifikasi",6,2022.231
17,"marketplace, kursus, tokopedia, ecommerce, belanja online",11,2022.231
18,"sentimen aspek, captioning, image captioning, alih kode, ucap",12,2022.231
19,"look, buta warna, kamera, filter, derau",9,2022.231
20,"masjid, hafal, an, islam, kelola giat",9,2022.231
21,"pakan, beri pakan, ikan, kualitas air, kolam",9,2022.231
23,"pandemi, mind, konsultasi, covid, pandemi covid",19,2022.231
24,"judul abstrak, judul, abstrak, performa algoritma, bidang ahli",18,2022.231
25,"gaji, rajin, tambak, visual novel, hitung gaji",19,2022.231
26,"word2vec, finansial, prediksi harga, model prediksi, saham",2,2022.231
28,"deteksi serang, celah aman, celah, serang, ensemble",6,2022.231
29,"terima bantu, miskin, calon terima, tunai, desa",14,2022.231
30,"kas, simpan pinjam, tunai, gateway midtrans, terima keluar",9,2022.231
31,"tempe, bawang, teknik, merah, nearest neighbor",2,2022.231
32,"service internet, koordinasi, manfaat mudah, infrastruktur jalan, komunikasi application",1,2022.231
33,"kelas sekolah, application game, kuis, tingkat motivasi, motivasi",3,2022.231
34,"asi, susu, butuh nutrisi, formula, daging sapi",2,2022.231
35,"algoritma greedy, pamer, greedy, iuml, iuml bayes",8,2022.231
36,"face, face recognition, application interaktif, latensi, robot",1,2022.231
37,"basis nosql, nosql, migrasi, isolation, sql",15,2022.231
38,"smart home, home, huni rumah, antarmuka web, smart",4,2022.231
39,"lukis, jahit, cafe, lapor masalah, booking",7,2022.231
41,"jadwal ajar, rate mutation, crossover rate, mutation rate, smp",1,2022.231
42,"algoritma encryption, paralel, algorithms, encryption, paralelisasi",4,2022.231
43,"kualitas air, air, kolam, ikan nila, minum",3,2022.231
44,"adat, budaya, pustaka, banjar, kalimantan",3,2022.231
45,"alih kode, tts, ucap, rnn, wer",8,2022.231
46,"alokasi, schedule, sedia sumber, developer, estimasi",3,2022.231
47,"tol, otonom, bekas, transportasi, kendara mobil",4,2022.231
48,"kalori, berat badan, obesitas, olahraga, guide",1,2022.231
49,"module nrf24l01, wsn, nrf24l01, node kirim, network wsn",1,2022.231
50,"single exponential, toko bangun, april, rayon, exponential smoothing",3,2022.231
51,"pustaka, baca buku, buku, sirkulasi, buku buku",6,2022.231
52,"bencana, bencana alam, bayes akurasi, korban, gempa",3,2022.231
53,"lagu, suasana, musik, emosi, notasi",4,2022.231
54,"storage, cloud, cache, tri, komputasi awan",4,2022.231
55,"depresi, sehat mental, mental, seni, kondisi sehat",4,2022.231
56,"purbalingga, motor, produsen, sepeda motor, sepeda",4,2022.231
58,"balita, posyandu, django, information catat, tumbuh kembang",3,2022.231
59,"film, alur cerita, milik alur, alur, cerita",2,2022.231
60,"partai, politik, com, fasttext, tunjang putus",2,2022.231
61,"sampah, tumpuk, butuh milik, interface user, kabupaten blitar",3,2022.231
63,"rujuk, batas batas, daya komputasi, iot, sensor actuator",1,2022.231
64,"komplikasi, hipertensi, fase, tekan darah, understand",1,2022.231
65,"hujan, curah hujan, curah, linier ganda, banjir",3,2022.231
66,"normalisasi minmax, minmax, normalisasi, zscore, model deep",8,2022.231
68,"minor, sel darah, kabupaten banyumas, banyumas, sel",2,2022.231
69,"kafe, gaji karyawan, kopi, gaji, information gaji",4,2022.231
70,"mesin cari, query, indeks, predikat, masuk user",3,2022.231
71,"gereja, jemaat, umat, ibadah, iur",7,2022.231
72,"milu, formulir, tps, visualisasi, presiden",5,2022.231
73,"nasabah, algoritma machine, tahap preprocessing, kartu kredit, logistic regression",1,2022.231
74,"butik, kos, costumer, sulawesi, website tarik",6,2022.231
75,"alat berat, sewa alat, transaksi sewa, information sewa, audit",2,2022.231
78,"resnet50, cnn model, klasifikasi citra, model cnn, cnn",1,2022.231
79,"segmentation, yolo, assist, gigi, automated",3,2022.231
80,"throughput delay, wireless, delay packet, qos, jitter",1,2022.231
82,"epochs, korpus, isyarat, hyperparameter, reading",4,2022.231
83,"quantum, hyperparameter, dkk, prediksi algoritma, tingkat akurat",4,2022.231
84,"microservice, micro, mesan tiket, rest, arsitektur microservice",6,2022.231
85,"door, bot telegram, solenoid, telegram, pintu",3,2022.231
86,"application bantu, magang, fair, politeknik, atur jadwal",5,2022.231
87,"snack, pet, sedia barang, hewan pelihara, catat sedia",3,2022.231
88,"tsp, kluster, balanced, window, vehicle",1,2022.231
89,"mesan makan, makan minum, meja, reservasi, restoran",3,2022.231
91,"pose, push, mediapipe, ponsel pintar, rincian",1,2022.231
93,"parkir, area parkir, authority, central, yolo",3,2022.231
94,"layak huni, rumah layak, tunjang putus, ahp ahp, kos",5,2022.231
95,"krusial, jasa, dekat application, mobile information, sedia jasa",1,2022.231
96,"bekal, apotek, kadaluarsa, farmasi, fifo",1,2022.231
97,"barang dagang, sedia barang, beli jual, dagang, information catat",5,2022.231
102,"matematika, gim edukasi, gim, gamifikasi, motivasi",5,2022.231
103,"rental, rental mobil, mobil, paket wisata, sewa mobil",4,2022.231
104,"user pakar, tahap desain, tahap tahap, bot telegram, gejala alami",1,2022.231
-1,"laundry, efisiensi, tingkat efisiensi, efektivitas, operasional",345,2023.154
0,"akademik, information akademik, rektor, student, situs web",85,2023.154
1,"alam main, gim, integral, catur, main",42,2023.154
2,"buah, padi, pisang, segar, tanam",25,2023.154
3,"destinasi, destination, destinasi wisata, tourism, wisata",17,2023.154
4,"ueq, success rate, treatment, efficiency, layout",71,2023.154
5,"sentimen, media sosial, instagram, pasir, analisis sentimen",31,2023.154
6,"duta, qrcode, inventaris, makmur, employee",4,2023.154
7,"perintah desa, aspirasi, desa, surat, administrasi",15,2023.154
8,"interview, lamar, rekrutmen, kompetensi, lamar kerja",17,2023.154
9,"postur, guna cpu, kotlin, ram, racing",5,2023.154
10,"otot, atlet, wearable, olahraga, angkat",26,2023.154
11,"ratarata, narasumber, hospital, prototype application, jatuh",9,2023.154
12,"yolo, kemudi, celaka, mobilenetv2, lelah",16,2023.154
13,"graf, representasi graf, build, skpl, evolusi",16,2023.154
14,"cerna, warna kulit, demam, pakar sakit, kulit",8,2023.154
15,"tracking, bintang, hand, versi, datar",7,2023.154
16,"face, wajah, face recognition, ppg, kenal wajah",12,2023.154
17,"belanja, pengaruh positif, svd, shopee, keranjang",14,2023.154
18,"kutip, bert, transformer, task, gpt",15,2023.154
19,"tracing, rekonstruksi, xai, path, rendering",10,2023.154
20,"masjid, halal, sertifikasi, perkara, agama islam",6,2023.154
21,"ikan, monitoring suhu, ruang simpan, suhu ruang, suhu",8,2023.154
22,"usability tingkat, online milik, milik website, tingkat service, website tampil",1,2023.154
23,"trainer, pandemi covid, pandemi, hybrid, hyperparameter baik",6,2023.154
24,"decision tree, empiris, tree, decision, kernel",23,2023.154
25,"laku umkm, ritel, alat berat, coffee, emas",19,2023.154
26,"saham, harga saham, gera harga, sar, prediksi harga",13,2023.154
27,"ospf, convergence, energi, tiphon, kirim paket",3,2023.154
28,"rentan, work, port, security, scripting",10,2023.154
29,"bantu sosial, terima bantu, lurah, miskin, calon terima",3,2023.154
30,"kelola uang, spp, uang, catat uang, pasu keluar",9,2023.154
31,"umkm, klasterisasi, cluster, algoritma fuzzy, cluster milik",1,2023.154
32,"gateway, multi, mikrotik, tiphon, hotspot",5,2023.154
33,"bahasa daerah, korea, ajar bahasa, module ajar, alam ajar",11,2023.154
34,"susu, segar, sapi, warna, ubah warna",1,2023.154
35,"kluster, cluster cluster, algoritma kmeans, cluster, klasterisasi",4,2023.154
36,"robot, selip, roda, pid, lokalisasi",8,2023.154
37,"basis rasional, rasional, logis, nosql, partitioning",3,2023.154
38,"station, smart home, rule, master, home",5,2023.154
39,"brand, loyalty, matahari, social media, bal",3,2023.154
40,"karbon, kualitas udara, jejak, emisi, udara",3,2023.154
41,"sha, jadwal kuliah, sampel, hash, riil",2,2023.154
42,"skema, aes, cipher, encryption, paralel",7,2023.154
43,"kesiap, visualisasi, sensor deteksi, kirim notifikasi, kece",1,2023.154
44,"tenun, wayang, rukun, wayang kulit, motif",6,2023.154
45,"suara, ucap, anomali, deteksi anomali, unsupervised",13,2023.154
46,"risiko, fitur mudah, bentuk file, tantang hadap, laravel php",1,2023.154
47,"driver, transportasi, bus, purwarupa, payment",3,2023.154
48,"butuh energi, gizi imbang, hidup sehat, pola makan, diet",1,2023.154
49,"segitiga, persegi, sensor nirkabel, wsn, module nrf24l01",4,2023.154
50,"swalayan, rantai pasok, sedia barang, rantai, nasabah",7,2023.154
51,"pustaka, koleksi, cari buku, sirkulasi, karya tulis",6,2023.154
52,"gempa bumi, gempa, bencana, bumi, tsunami",6,2023.154
53,"musik, genre, nada, sesuai preferensi, tangga",8,2023.154
54,"aws, mininet, skala, spark, core",8,2023.154
55,"mental, stres, depresi, sehat mental, cemas",12,2023.154
56,"sepeda motor, sepeda, trend moment, motor, kelola jual",2,2023.154
57,"ayam, telur ayam, arima, telur, wilayah yogyakarta",3,2023.154
58,"gizi, status gizi, balita, asi, status",3,2023.154
59,"ulas, film, amazon, model evaluasi, produk cantik",6,2023.154
60,"ekstraktif, media online, berita, klasifikasi dokumen, ringkas",3,2023.154
61,"sampah, limbah, daya air, laut, kota surabaya",9,2023.154
62,"emosi, ekspresi, hyperparameter, ekspresi wajah, depresi",16,2023.154
64,"sakit jantung, jantung, tekan darah, wavelet, jantung koroner",8,2023.154
65,"banjir, aws, milidetik, elm, akuisisi",3,2023.154
66,"emisi, listrik, tik, boros, energy",4,2023.154
67,"perangkat komunikasi, terima pesan, pesan, proxy, spam",2,2023.154
68,"sel darah, sel, darah, merah, ukur citra",2,2023.154
69,"coffee, kopi, takar, biji, shop",5,2023.154
70,"hukum, llm, layout, skema, accuracy precision",1,2023.154
71,"gereja, jemaat, kristen, magelang, mudah urus",7,2023.154
72,"milu, presiden, tps, voting, politik",10,2023.154
73,"pinjam, kredit, poin, model ajar, pengaruh latih",5,2023.154
74,"tenun, kain tenun, kain, shopee, jual kain",5,2023.154
75,"gaji, gaji karyawan, rancang information, kantor cabang, information manajemen",4,2023.154
76,"nginx, load balancing, balancing, connection, least connection",3,2023.154
77,"aco, dfs, sdn, plane, cari jalur",2,2023.154
78,"diabetes, accuracy precision, algoritma decision, derita diabetes, darah",4,2023.154
79,"gigi, segmentation, studies, current, antri",4,2023.154
81,"kanker, paru, xgboost, mutasi, vgg",6,2023.154
82,"landmark, isyarat, reduksi, bilstm, map50",5,2023.154
83,"xai, encoder, deep, deep learning, detak jantung",8,2023.154
84,"microservice, arsitektur microservice, circuit, backup, independen",8,2023.154
85,"bot telegram, pintu, telegram, bot, application telegram",1,2023.154
86,"antri, kategori excellent, telkom, excellent, puskesmas",3,2023.154
87,"hewan pelihara, hewan, titip, pelihara, care",1,2023.154
88,"agen, skema, rute, konvergensi, solusi baik",1,2023.154
90,"presensi pegawai, presensi, haversine, itn malang, formula",1,2023.154
91,"kursi, disabilitas, roda, lengan, sandang disabilitas",8,2023.154
92,"alergi, kandung nutrisi, pilih menu, resep, bahan makan",3,2023.154
93,"slot, parkir, deteksi kendara, internet things, things",1,2023.154
94,"kost, beli rumah, fungsi browser, property, beda butuh",2,2023.154
95,"nikah, booking, vendor, wedding, paket",3,2023.154
97,"jahit, milik toko, website toko, bisnis toko, lapor uang",1,2023.154
98,"sisip, mp3, pesan, signal, noise",1,2023.154
99,"baik uji, akurasi parameter, interaksi sosial, diagnosis, diagnosis pakar",1,2023.154
100,"harga emas, emas, perceptron, bunga, inflasi",2,2023.154
101,"dashboard, inteligensi, notaris, tim, head",1,2023.154
102,"geometri, bangun ruang, siswa sekolah, matematika, siswa materi",2,2023.154
103,"sewa mobil, sewa, transaksi sewa, information sewa, mobil",2,2023.154
104,"kucing, adopsi, hewan pelihara, anjing, pelihara",1,2023.154
105,"arsitektur, big, saing dunia, dukung application, bank",2,2023.154
-1,"proteksi, laravel, tingkat efisiensi, efisiensi, llm",264,2024.077
0,"sertifikasi, kompetensi, stem, terima siswa, kursus",47,2024.077
1,"fsm, alam main, musuh, finite state, kembang game",36,2024.077
2,"tanam obat, serang hama, hama, kelapa, fitur citra",15,2024.077
3,"medan, destinasi, pariwisata, formula, travel",15,2024.077
4,"design thinking, empathize, alam user, thinking, empathize define",42,2024.077
5,"bilstm, sentimen publik, social media, media sosial, sentimen",17,2024.077
6,"cacat, silhouette, rating technique, setia, jual langgan",2,2024.077
7,"arsip, kelola arsip, donasi, iur, surat",12,2024.077
8,"macro, indobert, kandidat, kriteria pilih, dropout",2,2024.077
9,"linear regression, multiple, kotlin, flutter, regression",5,2024.077
10,"model random, tarung, random forest, forest, xgboost",4,2024.077
11,"shift, kontrol akses, layan sehat, awat, rumah sakit",7,2024.077
12,"ban, compression, kemudi, adversarial, engineering",9,2024.077
13,"kode, graf, llm, konflik, kode sumber",14,2024.077
14,"hepatitis, enhanced, sakit kulit, kualitas hidup, adaboost",5,2024.077
15,"matahari, cemas, virtual reality, visualisasi, gestur",5,2024.077
16,"wajah, deteksi wajah, kondisi cahaya, mechanism, kenal wajah",10,2024.077
17,"lansia, iklan, model pralatih, laris, pralatih",6,2024.077
18,"translation, adam, optimizer, indonesian, bleu",11,2024.077
19,"anomali, bpm, model yolo, camera, identifikasi jenis",10,2024.077
20,"rag, muslim, retrieval, generator, fenomena",1,2024.077
21,"ikan, keruh, segar, pantau jarak, user pantau",6,2024.077
23,"wabah, pruning, model perangkat, resnet, milik sama",1,2024.077
24,"reduction, algorithms, datasets, random forest, forest",15,2024.077
25,"loyalitas langgan, vue, loyalitas, ldquo, rdquo",10,2024.077
26,"prophet, harga emas, saham, prediksi harga, emas",4,2024.077
28,"siber, penetration, ancam, celah, aman application",30,2024.077
29,"miskin, kriminalitas, kmeans kelompok, sekunder, terima bantu",5,2024.077
30,"kas, midtrans, catat transaksi, information akuntansi, usaha catat",8,2024.077
32,"downtime, mikrotik, delay jitter, tiphon, router mikrotik",4,2024.077
33,"motivasi ajar, mandarin, motivasi, fase, information event",2,2024.077
35,"graf, komunitas, kali, silhouette, kabupaten banyumas",5,2024.077
37,"oracle, rasional, transformasi, tuning, query",5,2024.077
39,"pahlawan, juang, merdeka, buat game, rakyat",1,2024.077
40,"kualitas udara, blockchain, udara, suhu lembap, user pantau",3,2024.077
42,"rsa, ekg, algoritma encryption, verification, size",4,2024.077
43,"tugas lapang, keruh, februari, mudah pantau, kmeans clustering",2,2024.077
44,"banyumas, budaya, kenal budaya, cultural, edukasi kenal",3,2024.077
45,"bicara, audio, augmentasi, palsu, spoofing",6,2024.077
46,"ict, priority, activity, kompleksitas, activities",2,2024.077
47,"emisi, terap design, moda, mitra, transportasi",3,2024.077
48,"obesitas, pola makan, kronis, klasifikasi tingkat, risiko",3,2024.077
50,"snack, double exponential, double, exponential, konveksi",4,2024.077
51,"arsip, istana, web information, dokumentasi, sahabat",1,2024.077
52,"bencana, gempa, rawan, lombok, gempa bumi",2,2024.077
53,"partitur, model pralatih, mungut, pralatih, prapemrosesan",1,2024.077
54,"folder, ddos, cache, ram, responsiveness",4,2024.077
55,"stres, pipeline, feature selection, xgboost, denyut jantung",3,2024.077
56,"honda, trend moment, putus analytical, process ahp, analytical hierarchy",2,2024.077
57,"telur, pola jual, masalah terap, faktor eksternal, des",1,2024.077
58,"ukur berat, mediapipe, model regresi, estimasi, badan",3,2024.077
60,"klaim, false, content, connection, information tingkat",1,2024.077
61,"ulang, sampah, antarmuka mudah, terap design, solusi inovatif",1,2024.077
62,"emosi, track, kenal emosi, multilabel, transformer",6,2024.077
63,"perangkat elektronik, relay, manfaat internet, ancang buat, literature",1,2024.077
64,"ppg, jendela, sensitivity, threshold, sinyal",2,2024.077
65,"emisi, karbon, algoritma machine, evaluasi performa, curah hujan",2,2024.077
68,"blood, sel darah, cell, sel, map50",2,2024.077
69,"cafe, jual periode, algoritma apriori, apriori, salah catat",2,2024.077
70,"rag, knowledge graph, telusur, llm, graph",1,2024.077
71,"analytics, tanjung, umat, giat administrasi, jemaat",3,2024.077
74,"jahit, custom, urban, gaji, emarketplace",2,2024.077
75,"kas, input output, kelola transaksi, bantul, barang information",2,2024.077
76,"graphql, greedy, load balancer, balancer, rest api",3,2024.077
78,"diabetes, xai, paham user, prevalensi, risiko",4,2024.077
79,"missing, segmentation, identify, determine, manually",3,2024.077
81,"kanker, ann, xgboost, kelas positif, citra asli",3,2024.077
82,"sign, gim, segmentation, communication, large language",5,2024.077
83,"quantum, klasik, fourier, eksperimen dataset, augmentasi",9,2024.077
84,"deployment, microservice, arsitektur microservice, traditional, methods",6,2024.077
86,"asuransi, antre, posyandu, balita, mudah operasi",4,2024.077
87,"pet, produk service, hewan pelihara, web dukung, langgan mes",1,2024.077
88,"produk tani, laravel mysql, distribusi, produk produk, jalan usaha",1,2024.077
89,"qrcode, konsumen mesan, kelola application, restoran, rumah makan",3,2024.077
90,"geofencing, notifikasi, lambat kirim, segitiga, akurat efisien",1,2024.077
92,"bahaya, macro, bert, guna model, entitas",1,2024.077
93,"parkir, slot, information realtime, respons, ultrasonik",2,2024.077
94,"kos, information rumah, sesuai kriteria, huni, kerja butuh",1,2024.077
95,"ner, event, entitas, koreksi, tingkat tepat",1,2024.077
97,"folder, sandal, grosir, lapor kerja, transaksi lapor",3,2024.077
100,"inflasi, dominan, kurs, investasi, bunga",3,2024.077
103,"rental, sewa, motor, paham butuh, mudah sedia",2,2024.077
105,"merespon, strategis, architecture, tool, metoda",1,2024.077
